{"cameraMode":{"drawMode":0,"name":"Shaded","section":"Shading Mode"},"sceneLighting":false,"audioPlay":false,"sceneViewState":{"m_AlwaysRefresh":false,"showFog":true,"showSkybox":false,"showFlares":true,"showImageEffects":true,"showParticleSystems":true,"showVisualEffectGraphs":true,"m_FxEnabled":true},"in2DMode":false,"pivot":{"x":0.09662061929702759,"y":1.1368470191955567,"z":-23.68777847290039},"rotation":{"x":0.07130210101604462,"y":0.033468492329120639,"z":-0.002546507166698575,"w":0.9970036149024963},"size":6.054671764373779,"orthographic":false}