{"cameraMode":{"drawMode":0,"name":"Shaded","section":"Shading Mode"},"sceneLighting":false,"audioPlay":false,"sceneViewState":{"m_AlwaysRefresh":false,"showFog":true,"showSkybox":false,"showFlares":true,"showImageEffects":true,"showParticleSystems":true,"showVisualEffectGraphs":true,"m_FxEnabled":true},"in2DMode":false,"pivot":{"x":-0.27121108770370486,"y":0.1999412178993225,"z":-0.44030457735061648},"rotation":{"x":0.03893640264868736,"y":-0.059972647577524188,"z":0.0021632181014865638,"w":0.9975972771644592},"size":0.37621426582336428,"orthographic":true}