{"cameraMode":{"drawMode":0,"name":"Shaded","section":"Shading Mode"},"sceneLighting":false,"audioPlay":false,"sceneViewState":{"m_AlwaysRefresh":false,"showFog":true,"showSkybox":false,"showFlares":true,"showImageEffects":true,"showParticleSystems":true,"showVisualEffectGraphs":true,"m_FxEnabled":true},"in2DMode":false,"pivot":{"x":0.18883970379829408,"y":-0.1425846815109253,"z":0.01446136087179184},"rotation":{"x":-0.10808943212032318,"y":-0.012827150523662568,"z":0.0013936645118519664,"w":-0.9940608739852905},"size":1.2764407396316529,"orthographic":false}