{"cameraMode":{"drawMode":0,"name":"Shaded","section":"Shading Mode"},"sceneLighting":false,"audioPlay":false,"sceneViewState":{"m_AlwaysRefresh":false,"showFog":true,"showSkybox":false,"showFlares":true,"showImageEffects":true,"showParticleSystems":true,"showVisualEffectGraphs":true,"m_FxEnabled":true},"in2DMode":false,"pivot":{"x":0.02347564697265625,"y":0.6533749103546143,"z":-0.005325794219970703},"rotation":{"x":0.07477143406867981,"y":-0.19034895300865174,"z":0.014362121932208538,"w":0.9789214134216309},"size":4.984106063842773,"orthographic":true}